Index,Sample No,Net Confining Stress (psi),Net Overburden pressure (psi),Bulk Volume (cc),Pore Volume (cc),Porosity,Identical Porosity values,Frequency of porosity values,Relative Porosity (phi / phi ambient),"Air Permability (md), Kair@323 (K)","Klinkenberg Permeability, KL (mD)","Relative Permeability, Kp/K@323 psi (fraction)","Pore Volume Compressibility *1e-06, (psi) -1",RQI,Log (RQI),Phi z,Log (Phi z),FZI,GHE,DRT,Log R35,R35,log fzi,Identical Log (FZI) Values,Abs(Log FZI),Indentical Sum(log(FZI)),Identical Cumulative Frequency,Non Identical Sum(log(FZI)),Non Identical Cumulative Frequency,Identical Frequency,Rock Type
1,47V,6000,9677,56.1822,6.4611,0.115,0.115,2,0.862,0.003,0.001,0.036,18.3,0.005071558,-2.294858645,0.129943503,-0.88624543,0.039028943,0.003,4,0.060104364,1.148429563,-1.40861,-1.408613214,1.40861,-1.40861,-0.01619,-1.40861,-0.006232802,1.13636,0
2,47V,6000,9677,56.1822,6.4611,0.115,0.1174,2,0.862,0.003,0.001,0.036,18.3,0.005071558,-2.294858645,0.129943503,-0.88624543,0.039028943,0.003,4,0.060104364,1.148429563,-1.40861,-1.360778579,1.40861,-2.76939,-0.0322,-2.81723,-0.012521006,2.27273,0
3,47V,4800,7742,56.3372,6.6161,0.1174,0.1204,2,0.88,0.004,0.001,0.05,21.36,0.005795963,-2.236874405,0.133016089,-0.876095826,0.043573397,0.004,4,0.125818039,1.336035627,-1.36078,-1.257175842,1.36078,-4.02657,-0.04737,-4.17801,-0.018651808,3.40909,0
4,47V,4800,7742,56.3372,6.6161,0.1174,0.1239,2,0.88,0.004,0.001,0.05,21.36,0.005795963,-2.236874405,0.133016089,-0.876095826,0.043573397,0.004,4,0.125818039,1.336035627,-1.36078,-1.17943,1.36078,-5.20599,-0.06198,-5.53878,-0.024837595,4.54545,0
5,47V,3600,5806,56.5242,6.8031,0.1204,0.1282,2,0.902,0.007,0.002,0.076,25.21,0.007571212,-2.120834575,0.1368804,-0.863658734,0.055312611,0.007,5,0.259256363,1.816587673,-1.25718,-1.085108725,1.25718,-6.2911,-0.0758,-6.79596,-0.03061243,5.68182,0
6,47V,3600,5806,56.5242,6.8031,0.1204,0.1298,2,0.902,0.007,0.002,0.076,25.21,0.007571212,-2.120834575,0.1368804,-0.863658734,0.055312611,0.007,5,0.259256363,1.816587673,-1.25718,-1.0525,1.25718,-7.3436,-0.08956,-8.05314,-0.036439526,6.81818,0
7,47V,2400,3871,56.7522,7.0311,0.1239,0.1846,2,0.929,0.011,0.004,0.123,29.86,0.009356003,-2.028909663,0.141422212,-0.849482374,0.066156529,0.011,5,0.36392529,2.31166709,-1.17943,-0.98253,1.17943,-8.32613,-0.10279,-9.23256,-0.041966193,7.95455,0
8,47V,2400,3871,56.7522,7.0311,0.1239,0.1853,2,0.929,0.011,0.004,0.123,29.86,0.009356003,-2.028909663,0.141422212,-0.849482374,0.066156529,0.011,5,0.36392529,2.31166709,-1.17943,-0.914704519,1.17943,-9.24084,-0.11551,-10.41199,-0.047543333,9.09091,0
9,47V,1200,1935,57.0322,7.3111,0.1282,0.1861,2,0.961,0.019,0.008,0.219,35.35,0.012088222,-1.917637564,0.147052076,-0.832528839,0.082203683,0.019,6,0.490691864,3.095222428,-1.08511,-0.819105935,1.08511,-10.05994,-0.12734,-11.4971,-0.052738984,10.22727,0
10,47V,1200,1935,57.0322,7.3111,0.1282,0.1334,1,0.961,0.019,0.008,0.219,35.35,0.012088222,-1.917637564,0.147052076,-0.832528839,0.082203683,0.019,6,0.490691864,3.095222428,-1.08511,-0.784376692,1.08511,-10.84432,-0.13903,-12.58221,-0.057982522,11.36364,0
11,47V,800,1290,57.1392,7.4181,0.1298,0.1385,2,0.973,0.023,0.01,0.271,37.37,0.01321771,-1.87884378,0.149161112,-0.826344386,0.088613646,0.023,6,0.534826633,3.426309838,-1.0525,-0.745334858,1.0525,-11.58966,-0.15052,-13.63471,-0.063123642,12.5,0
12,47V,800,1290,57.1392,7.4181,0.1298,0.1391,2,0.973,0.023,0.01,0.271,37.37,0.01321771,-1.87884378,0.149161112,-0.826344386,0.088613646,0.023,6,0.534826633,3.426309838,-1.0525,-0.726414782,1.0525,-12.31607,-0.16205,-14.68721,-0.068312586,13.63636,0
13,47H,6000,9677,56.5977,10.4497,0.1846,0.1875,2,0.949,0.104,0.049,0.078,2.88,0.02356842,-1.627669531,0.226391955,-0.64513901,0.104104495,0.104,6,0.787991418,6.137498763,-0.98253,-0.701600813,0.98253,-13.01767,-0.17357,-15.66974,-0.073223068,14.77273,0
14,47H,6000,9677,56.5977,10.4497,0.1846,0.1398,2,0.949,0.104,0.049,0.078,2.88,0.02356842,-1.627669531,0.226391955,-0.64513901,0.104104495,0.104,6,0.787991418,6.137498763,-0.98253,-0.648074329,0.98253,-13.66575,-0.18467,-16.65227,-0.078179658,15.90909,0
15,47H,4800,7742,56.6417,10.4937,0.1853,0.1406,4,0.952,0.144,0.074,0.107,4.05,0.027680452,-1.557826816,0.227445686,-0.643122297,0.121701374,0.144,6,0.869672783,7.407519153,-0.9147,-0.647332024,0.9147,-14.31308,-0.19607,-17.56697,-0.082863074,17.04545,0
16,47H,4800,7742,56.6417,10.4937,0.1853,0.1899,2,0.952,0.144,0.074,0.107,4.05,0.027680452,-1.557826816,0.227445686,-0.643122297,0.121701374,0.144,6,0.869672783,7.407519153,-0.9147,-0.600568854,0.9147,-14.91365,-0.20713,-18.48168,-0.087590882,18.18182,0
17,47H,3600,5806,56.7017,10.5537,0.1861,0.1912,2,0.956,0.227,0.121,0.169,5.63,0.034679226,-1.45993061,0.228652169,-0.640824675,0.151668037,0.227,7,0.984282338,9.644558188,-0.81911,-0.582928791,0.81911,-15.49658,-0.21826,-19.30078,-0.091908486,19.31818,0
18,47H,3600,5806,56.7017,10.5537,0.1861,0.1418,2,0.956,0.227,0.121,0.169,5.63,0.034679226,-1.45993061,0.228652169,-0.640824675,0.151668037,0.227,7,0.984282338,9.644558188,-0.81911,-0.559329249,0.81911,-16.0559,-0.22937,-20.11989,-0.096267407,20.45455,0
19,47V,Ambient,Ambient,57.3769,7.6558,0.1334,0.1424,2,1,0.086,-,1,-,0.025211632,-1.598399041,0.153934918,-0.812662855,0.163781111,0.086,7,0.861350453,7.266921228,-0.78574,-0.526582766,0.78574,-16.58249,-0.24033,-20.90562,-0.100507809,21.59091,0
20,31H,6000,9677,56.8822,7.8797,0.1385,0.0793,1,0.964,0.098,0.047,0.269,3.86,0.026413004,-1.578182201,0.160766106,-0.793805508,0.164294607,0.098,7,0.880628328,7.596758637,-0.78438,-0.464286938,0.78438,-17.04677,-0.25069,-21.69,-0.104782613,22.72727,0
21,31H,6000,9677,56.8822,7.8797,0.1385,0.1438,2,0.964,0.098,0.047,0.269,3.86,0.026413004,-1.578182201,0.160766106,-0.793805508,0.164294607,0.098,7,0.880628328,7.596758637,-0.78438,-0.454991169,0.78438,-17.50177,-0.26122,-22.47438,-0.10909892,23.86364,0
22,31H,4800,7742,56.9212,7.9187,0.1391,0.1947,1,0.968,0.119,0.061,0.327,4.26,0.029042872,-1.536960436,0.161575096,-0.791625578,0.179748445,0.119,7,0.928586973,8.48373263,-0.74533,-0.446987937,0.74533,-17.94875,-0.27195,-23.21971,-0.11326689,25,0
23,31H,4800,7742,56.9212,7.9187,0.1391,0.0959,2,0.968,0.119,0.061,0.327,4.26,0.029042872,-1.536960436,0.161575096,-0.791625578,0.179748445,0.119,7,0.928586973,8.48373263,-0.74533,-0.436618409,0.74533,-18.38537,-0.28285,-23.96505,-0.117475722,26.13636,0
24,47H,2400,3871,56.7957,10.6477,0.1875,0.0962,2,0.963,0.357,0.221,0.266,9.68,0.043327449,-1.36323688,0.230769231,-0.636822098,0.187752279,0.357,7,1.097095812,12.50534887,-0.72641,-0.429148302,0.72641,-18.81452,-0.29398,-24.69146,-0.121632818,27.27273,0
25,47H,2400,3871,56.7957,10.6477,0.1875,0.0966,2,0.963,0.357,0.221,0.266,9.68,0.043327449,-1.36323688,0.230769231,-0.636822098,0.187752279,0.357,7,1.097095812,12.50534887,-0.72641,-0.426673504,0.72641,-19.24119,-0.30542,-25.41788,-0.125831074,28.40909,0
26,31H,3600,5806,56.9642,7.9617,0.1398,0.097,2,0.972,0.148,0.08,0.407,4.94,0.032307765,-1.49069308,0.162520344,-0.789092267,0.19879213,0.148,7,0.982395693,9.602751549,-0.7016,-0.425867339,0.7016,-19.66706,-0.31721,-26.11948,-0.12994765,29.54545,0
27,31H,3600,5806,56.9642,7.9617,0.1398,0.0977,2,0.972,0.148,0.08,0.407,4.94,0.032307765,-1.49069308,0.162520344,-0.789092267,0.19879213,0.148,7,0.982395693,9.602751549,-0.7016,-0.413737422,0.7016,-20.0808,-0.32919,-26.82108,-0.134105393,30.68182,0
28,46H,800,1290,57.1006,8.0289,0.1406,0.0981,2,0.982,0.165,1.34,0.71,22.68,0.034015665,-1.46832104,0.163602513,-0.786210029,0.207916516,0.165,7,1.008021242,10.1864121,-0.68211,-0.412476289,0.68211,-20.49327,-0.34155,-27.50319,-0.138206983,31.81818,0
29,31H,2400,3871,57.0192,8.0167,0.1406,0.0989,2,0.978,0.193,0.117,0.53,6.71,0.036788802,-1.434284358,0.163602513,-0.786210029,0.224866972,0.193,8,1.048048381,11.16987674,-0.64807,-0.409759823,0.64807,-20.90303,-0.35429,-28.15126,-0.1421781,32.95455,0
30,31H,2400,3871,57.0192,8.0167,0.1406,0.2561,3,0.978,0.193,0.117,0.53,6.71,0.036788802,-1.434284358,0.163602513,-0.786210029,0.224866972,0.193,8,1.048048381,11.16987674,-0.64807,-0.405207203,0.64807,-21.30824,-0.36738,-28.79934,-0.146189534,34.09091,0
31,47H,1200,1935,56.9687,10.8207,0.1899,0.2569,3,0.976,0.537,0.451,0.401,18.27,0.052802479,-1.277345691,0.234415504,-0.630013667,0.225251647,0.537,8,1.19657931,15.72458927,-0.64733,-0.400740425,0.64733,-21.70898,-0.38086,-29.44667,-0.150238113,35.22727,0
32,47H,1200,1935,56.9687,10.8207,0.1899,0.2578,3,0.976,0.537,0.451,0.401,18.27,0.052802479,-1.277345691,0.234415504,-0.630013667,0.225251647,0.537,8,1.19657931,15.72458927,-0.64733,-0.398995807,0.64733,-22.10798,-0.39479,-30.094,-0.154328217,36.36364,0
33,47H,800,1290,57.0577,10.9097,0.1912,0.2592,3,0.982,0.682,0.59,0.509,22.5,0.059303168,-1.226922109,0.236399604,-0.626353255,0.250859843,0.682,8,1.255059677,17.99118118,-0.60057,-0.398536844,0.60057,-22.50651,-0.40921,-30.69457,-0.158219439,37.5,0
34,47H,800,1290,57.0577,10.9097,0.1912,0.2663,2,0.982,0.682,0.59,0.509,22.5,0.059303168,-1.226922109,0.236399604,-0.626353255,0.250859843,0.682,8,1.255059677,17.99118118,-0.60057,-0.379665981,0.60057,-22.88618,-0.42382,-31.29514,-0.162150984,38.63636,0
35,31H,1200,1935,57.0992,8.0967,0.1418,0.2617,3,0.986,0.268,0.163,0.736,10.39,0.043167702,-1.36484107,0.16522955,-0.781912279,0.261258969,0.268,8,1.128694995,13.4491549,-0.58293,-0.37705925,0.58293,-23.26324,-0.43893,-31.87807,-0.166031608,39.77273,0
36,31H,1200,1935,57.0992,8.0967,0.1418,0.263,3,0.986,0.268,0.163,0.736,10.39,0.043167702,-1.36484107,0.16522955,-0.781912279,0.261258969,0.268,8,1.128694995,13.4491549,-0.58293,-0.368510227,0.58293,-23.63175,-0.45446,-32.461,-0.169952867,40.90909,0
37,31H,800,1290,57.1362,8.1337,0.1424,0.1033,2,0.99,0.303,0.199,0.832,12.18,0.045803216,-1.339104032,0.166044776,-0.779774783,0.275848579,0.303,8,1.158455635,14.40308868,-0.55933,-0.347451019,0.55933,-23.9792,-0.47018,-33.02033,-0.173791193,42.04545,0
38,31H,800,1290,57.1362,8.1337,0.1424,0.1037,2,0.99,0.303,0.199,0.832,12.18,0.045803216,-1.339104032,0.166044776,-0.779774783,0.275848579,0.303,8,1.158455635,14.40308868,-0.55933,-0.336601809,0.55933,-24.3158,-0.48632,-33.57966,-0.177670138,43.18182,0
39,5V,Ambient,Ambient,57.329,4.5439,0.0793,0.1042,2,1,0.051,-,1,-,0.0251813,-1.598921858,0.086130118,-1.064844956,0.292363464,0.051,8,0.92307923,8.376820892,-0.53408,-0.325992474,0.53408,-24.6418,-0.50289,-34.11373,-0.181456026,44.31818,0
40,31H,Ambient,Ambient,57.2299,8.2274,0.1438,0.1049,2,1,0.364,0.245,1,-,0.049957523,-1.301399103,0.167951413,-0.774816337,0.297452234,0.364,8,1.201623936,15.908306,-0.52658,-0.315612401,0.52658,-24.95741,-0.51995,-34.64032,-0.18524233,45.45455,0
41,31H,Ambient,Ambient,57.2299,8.2274,0.1438,0.1342,2,1,0.364,0.245,1,-,0.049957523,-1.301399103,0.167951413,-0.774816337,0.297452234,0.364,8,1.201623936,15.908306,-0.52658,-0.299799833,0.52658,-25.25721,-0.53739,-35.1669,-0.189069346,46.59091,0
42,47H,Ambient,Ambient,57.3018,11.1538,0.1947,0.0667,2,1,1.34,0.868,1,-,0.082375691,-1.084200929,0.241773252,-0.616591748,0.340714659,1.34,8,1.420725439,26.34665226,-0.46761,-0.294470872,0.46761,-25.55168,-0.55547,-35.63451,-0.19261896,47.72727,0
43,35V,6000,9677,57.1193,5.4751,0.0959,0.1346,2,0.969,0.129,0.1,0.759,3.07,0.036417925,-1.4386848,0.106072337,-0.974397862,0.343331034,0.129,8,1.088735473,12.26691831,-0.46429,-0.289121606,0.46429,-25.8408,-0.57424,-36.09879,-0.196189101,48.86364,0
44,35V,6000,9677,57.1193,5.4751,0.0959,0.106,2,0.969,0.129,0.1,0.759,3.07,0.036417925,-1.4386848,0.106072337,-0.974397862,0.343331034,0.129,8,1.088735473,12.26691831,-0.46429,-0.27459776,0.46429,-26.1154,-0.59353,-36.56308,-0.19979826,50,0
45,35V,4800,7742,57.1403,5.4961,0.0962,0.0674,2,0.972,0.136,0.105,0.8,3.28,0.037334605,-1.427888434,0.106439478,-0.972897265,0.350759006,0.136,9,1.101057616,12.61994947,-0.45499,-0.258051304,0.45499,-26.37345,-0.61334,-37.01807,-0.203396004,51.13636,0
46,35V,4800,7742,57.1403,5.4961,0.0962,0.1357,2,0.972,0.136,0.105,0.8,3.28,0.037334605,-1.427888434,0.106439478,-0.972897265,0.350759006,0.136,9,1.101057616,12.61994947,-0.45499,-0.253020017,0.45499,-26.62647,-0.63396,-37.47306,-0.207033502,52.27273,0
47,35V,3600,5806,57.1633,5.5191,0.0966,0.1064,2,0.976,0.143,0.111,0.841,3.83,0.038204024,-1.417890896,0.106929378,-0.97090296,0.357282762,0.143,9,1.112317353,12.95141897,-0.44699,-0.249484308,0.44699,-26.87595,-0.65551,-37.92005,-0.210666954,53.40909,0
48,35V,3600,5806,57.1633,5.5191,0.0966,0.1075,2,0.976,0.143,0.111,0.841,3.83,0.038204024,-1.417890896,0.106929378,-0.97090296,0.357282762,0.143,9,1.112317353,12.95141897,-0.44699,-0.208414513,0.44699,-27.08437,-0.67711,-38.36704,-0.214341004,54.54545,0
49,35V,2400,3871,57.1933,5.5491,0.097,0.1373,2,0.981,0.152,0.116,0.894,5.37,0.039306609,-1.405534425,0.107419712,-0.968916016,0.365916161,0.152,9,1.126353251,13.37683134,-0.43662,-0.207683124,0.43662,-27.29205,-0.6998,-38.80366,-0.217998079,55.68182,0
50,35V,2400,3871,57.1933,5.5491,0.097,0.0683,2,0.981,0.152,0.116,0.894,5.37,0.039306609,-1.405534425,0.107419712,-0.968916016,0.365916161,0.152,9,1.126353251,13.37683134,-0.43662,-0.205692528,0.43662,-27.49774,-0.72362,-39.24028,-0.221696478,56.81818,0
51,35V,1200,1935,57.2383,5.5941,0.0977,0.0647,1,0.988,0.161,0.128,0.947,8.55,0.040308376,-1.394604696,0.108278843,-0.965456394,0.372264564,0.161,9,1.138344712,13.75133025,-0.42915,-0.20203941,0.42915,-27.69978,-0.74864,-39.66942,-0.225394459,57.95455,0
52,35V,1200,1935,57.2383,5.5941,0.0977,0.1139,2,0.988,0.161,0.128,0.947,8.55,0.040308376,-1.394604696,0.108278843,-0.965456394,0.372264564,0.161,9,1.138344712,13.75133025,-0.42915,-0.200543888,0.42915,-27.90033,-0.77501,-40.09857,-0.229134704,59.09091,0
53,35V,800,1290,57.2593,5.6151,0.0981,0.0916,2,0.991,0.165,0.134,0.971,10.08,0.040722752,-1.390162884,0.108770374,-0.96348938,0.374391945,0.165,9,1.143078537,13.9020401,-0.42667,-0.19437764,0.42667,-28.0947,-0.80271,-40.52525,-0.232903716,60.22727,0
54,35V,800,1290,57.2593,5.6151,0.0981,0.1145,2,0.991,0.165,0.134,0.971,10.08,0.040722752,-1.390162884,0.108770374,-0.96348938,0.374391945,0.165,9,1.143078537,13.9020401,-0.42667,-0.191331523,0.42667,-28.28604,-0.83194,-40.95192,-0.236716301,61.36364,0
55,35V,Ambient,Ambient,57.313,5.6688,0.0989,0.1396,2,1,0.17,-,1,-,0.041167639,-1.385444037,0.109754744,-0.959576698,0.37508756,0.17,9,1.14765437,14.04928976,-0.42587,-0.188589209,0.42587,-28.47463,-0.86287,-41.37779,-0.240568532,62.5,0
56,35V,Ambient,Ambient,57.313,5.6688,0.0989,0.1154,2,1,0.17,-,1,-,0.041167639,-1.385444037,0.109754744,-0.959576698,0.37508756,0.17,9,1.14765437,14.04928976,-0.42587,-0.180753389,0.42587,-28.65538,-0.89548,-41.80365,-0.244465818,63.63636,0
57,5H,6000,9677,56.1097,14.371,0.2561,0.0919,2,0.962,4.58,3.2,0.962,2.69,0.132787623,-0.876842402,0.344266703,-0.46310498,0.385711492,4.58,9,1.631723025,42.82752973,-0.41374,-0.177805271,0.41374,-28.83318,-0.9301,-42.21739,-0.248337601,64.77273,2
58,5H,6000,9677,56.1097,14.371,0.2561,0.1167,2,0.962,4.58,3.2,0.962,2.69,0.132787623,-0.876842402,0.344266703,-0.46310498,0.385711492,4.58,9,1.631723025,42.82752973,-0.41374,-0.174030225,0.41374,-29.00721,-0.96691,-42.63113,-0.252255205,65.90909,2
59,5H,6000,9677,56.1097,14.371,0.2561,0.0695,2,0.962,4.58,3.2,0.962,2.69,0.132787623,-0.876842402,0.344266703,-0.46310498,0.385711492,4.58,9,1.631723025,42.82752973,-0.41374,-0.173416378,0.41374,-29.18063,-1.00623,-43.04487,-0.256219447,67.04545,2
60,5H,4800,7742,56.1657,14.427,0.2569,0.0925,2,0.964,4.66,3.27,0.964,3.68,0.133733606,-0.873759446,0.345713901,-0.461283157,0.386833174,4.66,9,1.634974733,43.1493972,-0.41248,-0.164380273,0.41248,-29.34501,-1.04804,-43.45734,-0.260223613,68.18182,2
61,5H,4800,7742,56.1657,14.427,0.2569,0.119,2,0.964,4.66,3.27,0.964,3.68,0.133733606,-0.873759446,0.345713901,-0.461283157,0.386833174,4.66,9,1.634974733,43.1493972,-0.41248,-0.156425729,0.41248,-29.50144,-1.09265,-43.86982,-0.264276022,69.31818,2
62,5H,4800,7742,56.1657,14.427,0.2569,0.1202,2,0.964,4.66,3.27,0.964,3.68,0.133733606,-0.873759446,0.345713901,-0.461283157,0.386833174,4.66,9,1.634974733,43.1493972,-0.41248,-0.156105338,0.41248,-29.65754,-1.14067,-44.2823,-0.268377551,70.45455,2
63,5H,3600,5806,56.2377,14.499,0.2578,0.1233,2,0.968,4.78,3.37,0.968,4.86,0.135207923,-0.86899786,0.347345729,-0.459238037,0.389260357,4.78,9,1.640155166,43.66718201,-0.40976,-0.155448614,0.40976,-29.81299,-1.19252,-44.69206,-0.272512535,71.59091,2
64,5H,3600,5806,56.2377,14.499,0.2578,0.0933,2,0.968,4.78,3.37,0.968,4.86,0.135207923,-0.86899786,0.347345729,-0.459238037,0.389260357,4.78,9,1.640155166,43.66718201,-0.40976,-0.154883884,0.40976,-29.96787,-1.24866,-45.10182,-0.276698255,72.72727,2
65,5H,3600,5806,56.2377,14.499,0.2578,0.1966,2,0.968,4.78,3.37,0.968,4.86,0.135207923,-0.86899786,0.347345729,-0.459238037,0.389260357,4.78,9,1.640155166,43.66718201,-0.40976,-0.153778041,0.40976,-30.12165,-1.30964,-45.51158,-0.280935651,73.86364,2
66,5H,2400,3871,56.3457,14.607,0.2592,0.197,2,0.973,4.98,3.53,0.973,7.87,0.137634345,-0.861273179,0.349892009,-0.456065976,0.393362357,4.98,9,1.648590216,44.52359421,-0.40521,-0.153677387,0.40521,-30.27533,-1.37615,-45.91678,-0.285197408,75,2
67,5H,2400,3871,56.3457,14.607,0.2592,0.1975,2,0.973,4.98,3.53,0.973,7.87,0.137634345,-0.861273179,0.349892009,-0.456065976,0.393362357,4.98,9,1.648590216,44.52359421,-0.40521,-0.153238192,0.40521,-30.42857,-1.44898,-46.32199,-0.289512436,76.13636,2
68,5H,2400,3871,53.403,14.607,0.2592,0.1983,2,0.973,4.98,3.53,0.973,7.87,0.137634345,-0.861273179,0.349892009,-0.456065976,0.393362357,4.98,9,1.648590216,44.52359421,-0.40521,-0.144873191,0.40521,-30.57344,-1.52867,-46.7272,-0.293881742,77.27273,2
69,5H,Ambient,Ambient,56.8903,15.1516,0.2663,0.1995,2,1,5.62,4.124,1,-,0.144248805,-0.840887777,0.362954886,-0.440147353,0.397429019,5.62,9,1.669324266,46.70079414,-0.40074,-0.138669782,0.40074,-30.71211,-1.61643,-47.12794,-0.298278085,78.40909,2
70,5H,Ambient,Ambient,56.8903,15.1516,0.2663,0.2015,2,1,5.62,4.124,1,-,0.144248805,-0.840887777,0.362954886,-0.440147353,0.397429019,5.62,9,1.669324266,46.70079414,-0.40074,-0.12493096,0.40074,-30.83704,-1.71317,-47.52868,-0.302730432,79.54545,2
71,5H,1200,1935,56.5347,14.796,0.2617,0.2,2,0.983,5.31,3.78,0.983,14.4,0.141440912,-0.849424953,0.354462955,-0.450429146,0.399028755,5.31,9,1.661373162,45.85357085,-0.399,-0.120987359,0.399,-30.95803,-1.82106,-47.92767,-0.307228677,80.68182,2
72,5H,1200,1935,56.5347,14.796,0.2617,0.053,1,0.983,5.31,3.78,0.983,14.4,0.141440912,-0.849424953,0.354462955,-0.450429146,0.399028755,5.31,9,1.661373162,45.85357085,-0.399,-0.116729528,0.399,-31.07476,-1.94217,-48.32667,-0.311784964,81.81818,2
73,5H,1200,1935,53.409,14.796,0.2617,0.0949,2,0.983,5.31,3.78,0.983,14.4,0.141440912,-0.849424953,0.354462955,-0.450429146,0.399028755,5.31,9,1.661373162,45.85357085,-0.399,-0.08463648,0.399,-31.1594,-2.07729,-48.72567,-0.316400424,82.95455,2
74,5H,800,1290,56.6307,14.892,0.263,0.0957,2,0.987,5.42,3.89,0.987,17.64,0.142544813,-0.846048583,0.356852103,-0.447511739,0.399450672,5.42,9,1.664749814,46.21147319,-0.39854,-0.078968682,0.39854,-31.23836,-2.23131,-49.1242,-0.321073217,84.09091,2
75,5H,800,1290,56.6307,14.892,0.263,0.098,2,0.987,5.42,3.89,0.987,17.64,0.142544813,-0.846048583,0.356852103,-0.447511739,0.399450672,5.42,9,1.664749814,46.21147319,-0.39854,-0.078806955,0.39854,-31.31717,-2.40901,-49.52274,-0.325807493,85.22727,2
76,5H,800,1290,53.414,14.892,0.263,0.1432,2,0.987,5.42,3.89,0.987,17.64,0.142544813,-0.846048583,0.356852103,-0.447511739,0.399450672,5.42,9,1.664749814,46.21147319,-0.39854,-0.077852185,0.39854,-31.39502,-2.61625,-49.92128,-0.330604476,86.36364,2
77,26V,6000,9677,56.9581,5.8826,0.1033,0.0713,2,0.961,0.242,0.153,0.502,2.49,0.048060377,-1.31821283,0.115200178,-0.938546848,0.417190124,0.242,9,1.221500757,16.65331732,-0.37967,-0.076729244,0.37967,-31.47175,-2.86107,-50.30094,-0.335339612,87.5,0
78,26V,6000,9677,56.9581,5.8826,0.1033,0.0534,1,0.961,0.242,0.153,0.502,2.49,0.048060377,-1.31821283,0.115200178,-0.938546848,0.417190124,0.242,9,1.221500757,16.65331732,-0.37967,-0.076151078,0.37967,-31.5479,-3.15479,-50.68061,-0.340138307,88.63636,0
79,26V,4800,7742,56.9821,5.9066,0.1037,0.0721,2,0.964,0.248,0.157,0.515,4.22,0.048558595,-1.31373389,0.115697869,-0.93667464,0.419701721,0.248,9,1.226304743,16.83855201,-0.37706,-0.074763171,0.37706,-31.62267,-3.51363,-51.05767,-0.344984237,89.77273,0
80,26V,4800,7742,56.9821,5.9066,0.1037,0.213,2,0.964,0.248,0.157,0.515,4.22,0.048558595,-1.31373389,0.115697869,-0.93667464,0.419701721,0.248,9,1.226304743,16.83855201,-0.37706,-0.073731804,0.37706,-31.6964,-3.96205,-51.43473,-0.349896097,90.90909,0
81,26V,3600,5806,57.0171,5.9416,0.1042,0.2135,2,0.969,0.262,0.168,0.544,5.66,0.049790494,-1.302853566,0.116320607,-0.934343339,0.42804534,0.262,9,1.23852345,17.31902544,-0.36851,0.028496431,0.36851,-31.6679,-4.52399,-51.80324,-0.354816689,92.04545,0
82,26V,3600,5806,57.0171,5.9416,0.1042,0.219,2,0.969,0.262,0.168,0.544,5.66,0.049790494,-1.302853566,0.116320607,-0.934343339,0.42804534,0.262,9,1.23852345,17.31902544,-0.36851,0.032024535,0.36851,-31.63588,-5.27265,-52.17175,-0.35980515,93.18182,0
83,26V,2400,3871,57.0641,5.9886,0.1049,0.214,2,0.976,0.295,0.192,0.612,7.61,0.052656612,-1.278547088,0.11719361,-0.931096069,0.449312997,0.295,9,1.266305324,18.46312983,-0.34745,0.032827317,0.34745,-31.60305,-6.32061,-52.5192,-0.364716651,94.31818,0
84,26V,2400,3871,57.0641,5.9886,0.1049,0.2149,2,0.976,0.295,0.192,0.612,7.61,0.052656612,-1.278547088,0.11719361,-0.931096069,0.449312997,0.295,9,1.266305324,18.46312983,-0.34745,0.033052382,0.34745,-31.57,-7.8925,-52.86665,-0.369696845,95.45455,0
85,46H,6000,9677,56.6786,7.6069,0.1342,0.2171,2,0.937,0.694,0.556,0.299,5.56,0.07140574,-1.146266875,0.155001155,-0.809665066,0.460678762,0.694,9,1.392341195,24.67977494,-0.3366,0.033423994,0.3366,-31.53657,-10.51219,-53.20325,-0.374670779,96.59091,0
86,46H,6000,9677,56.6786,7.6069,0.1342,0.0539,1,0.937,0.694,0.556,0.299,5.56,0.07140574,-1.146266875,0.155001155,-0.809665066,0.460678762,0.694,9,1.392341195,24.67977494,-0.3366,0.033737212,0.3366,-31.50284,-15.75142,-53.53985,-0.379715265,97.72727,0
87,50H,6000,9677,53.6379,3.5801,0.0667,0.2163,2,0.902,0.077,0.049,0.126,7.74,0.033737438,-1.471887906,0.071466838,-1.145895432,0.472071221,0.077,9,1.093211826,12.39400953,-0.32599,0.033795887,0.32599,-31.46904,-31.46904,-53.86584,-0.384756035,98.86364,0
88,50H,6000,9677,53.6379,3.5801,0.0667,0.0548,1,0.902,0.077,0.049,0.126,7.74,0.033737438,-1.471887906,0.071466838,-1.145895432,0.472071221,0.077,9,1.093211826,12.39400953,-0.32599,,0.32599,,,-54.19184,-0.389869333,,0
89,46H,4800,7742,56.7016,7.6299,0.1346,0.183,2,0.94,0.772,0.616,0.332,5.03,0.075199641,-1.123784232,0.155535013,-0.808171831,0.483490115,0.772,9,1.418424041,26.20740625,-0.31561,,0.31561,,,-54.50745,-0.39498152,,0
90,46H,4800,7742,56.7016,7.6299,0.1346,0.1818,2,0.94,0.772,0.616,0.332,5.03,0.075199641,-1.123784232,0.155535013,-0.808171831,0.483490115,0.772,9,1.418424041,26.20740625,-0.31561,,0.31561,,,-54.82306,-0.400168337,,0
91,26V,1200,1935,57.1301,6.0546,0.106,0.1788,2,0.986,0.38,0.253,0.788,10.83,0.05945228,-1.225831486,0.118568233,-0.926031654,0.501418285,0.38,9,1.327048487,21.23481527,-0.2998,,0.2998,,,-55.12286,-0.405315162,,0
92,26V,1200,1935,57.1301,6.0546,0.106,0.1813,2,0.986,0.38,0.253,0.788,10.83,0.05945228,-1.225831486,0.118568233,-0.926031654,0.501418285,0.38,9,1.327048487,21.23481527,-0.2998,,0.2998,,,-55.42266,-0.410538236,,0
93,50H,4800,7742,53.6749,3.6171,0.0674,0.1802,2,0.911,0.092,0.058,0.152,9.71,0.03668543,-1.435506387,0.07227107,-1.141035515,0.507608783,0.092,9,1.134745092,13.63782433,-0.29447,,0.29447,,,-55.71713,-0.415799498,,0
94,50H,4800,7742,53.6749,3.6171,0.0674,0.1791,2,0.911,0.092,0.058,0.152,9.71,0.03668543,-1.435506387,0.07227107,-1.141035515,0.507608783,0.092,9,1.134745092,13.63782433,-0.29447,,0.29447,,,-56.0116,-0.421139876,,0
95,46H,3600,5806,56.7776,7.7059,0.1357,0.1796,2,0.948,0.896,0.713,0.386,8.81,0.080685172,-1.093206271,0.157005669,-0.804084665,0.513899736,0.896,9,1.453408121,28.40587171,-0.28912,,0.28912,,,-56.30073,-0.426520645,,0
96,46H,3600,5806,56.7776,7.7059,0.1357,0.0562,1,0.948,0.896,0.713,0.386,8.81,0.080685172,-1.093206271,0.157005669,-0.804084665,0.513899736,0.896,9,1.453408121,28.40587171,-0.28912,,0.28912,,,-56.58985,-0.431983563,,0
97,26V,800,1290,57.1581,6.0826,0.1064,0.074,1,0.99,0.432,0.294,0.896,12.32,0.063270419,-1.198799292,0.119068935,-0.924201532,0.531376372,0.432,9,1.358386877,22.82374343,-0.2746,,0.2746,,,-56.86444,-0.437418804,,0
98,26V,800,1290,57.1581,6.0826,0.1064,0.0569,1,0.99,0.432,0.294,0.896,12.32,0.063270419,-1.198799292,0.119068935,-0.924201532,0.531376372,0.432,9,1.358386877,22.82374343,-0.2746,,0.2746,,,-57.13904,-0.442938312,,0
99,26V,Ambient,Ambient,57.2268,6.1513,0.1075,0.0588,1,1,0.482,-,1,-,0.066488867,-1.177251065,0.120448179,-0.919199761,0.552012225,0.482,9,1.382494745,24.12652341,-0.25805,,0.25805,,,-57.39709,-0.448414794,,0
100,26V,Ambient,Ambient,57.2268,6.1513,0.1075,0.0909,1,1,0.482,-,1,-,0.066488867,-1.177251065,0.120448179,-0.919199761,0.552012225,0.482,9,1.382494745,24.12652341,-0.25805,,0.25805,,,-57.65514,-0.453977519,,0
101,46H,2400,3871,56.8826,7.8109,0.1373,0.0897,1,0.959,1.1,0.877,0.473,13.89,0.088877273,-1.051209278,0.159151501,-0.798189261,0.558444455,1.1,9,1.501391555,31.72426396,-0.25302,,0.25302,,,-57.90816,-0.45958861,,0
102,46H,2400,3871,56.8826,7.8109,0.1373,0.0892,1,0.959,1.1,0.877,0.473,13.89,0.088877273,-1.051209278,0.159151501,-0.798189261,0.558444455,1.1,9,1.501391555,31.72426396,-0.25302,,0.25302,,,-58.16118,-0.46528948,,0
103,50H,3600,5806,53.7249,3.6671,0.0683,0.0883,1,0.923,0.118,0.074,0.194,13.23,0.041272455,-1.3843397,0.073306858,-1.134855392,0.563009459,0.118,9,1.193327132,15.60727678,-0.24948,,0.24948,,,-58.41067,-0.471053784,,0
104,50H,3600,5806,53.7249,3.6671,0.0683,0.0877,1,0.923,0.118,0.074,0.194,13.23,0.041272455,-1.3843397,0.073306858,-1.134855392,0.563009459,0.118,9,1.193327132,15.60727678,-0.24948,,0.24948,,,-58.66015,-0.476911818,,0
105,17H,Ambient,Ambient,57.4346,3.7177,0.0647,0.0873,1,1,0.12,0.043,1,-,0.042762997,-1.368931869,0.069175666,-1.160046654,0.618179764,0.12,10,1.217937274,16.5172322,-0.20889,,0.20889,,,-58.86904,-0.482533105,,0
106,6H,6000,9677,56.6088,6.4495,0.1139,0.0795,1,0.924,0.731,0.528,0.924,3.79,0.079547489,-1.099373525,0.128540797,-0.890959012,0.618850131,0.731,10,1.46714692,29.31884922,-0.20841,,0.20841,,,-59.07745,-0.488243416,,0
107,6H,6000,9677,56.6088,6.4495,0.1139,0.087,1,0.924,0.731,0.528,0.924,3.79,0.079547489,-1.099373525,0.128540797,-0.890959012,0.618850131,0.731,10,1.46714692,29.31884922,-0.20841,,0.20841,,,-59.28587,-0.494048898,,0
108,26H,6000,9677,54.3405,4.9757,0.0916,0.102,1,0.935,0.363,0.246,0.55,3.1,0.062507945,-1.204064776,0.100836636,-0.996381652,0.619893205,0.363,10,1.370147406,23.45024618,-0.20768,,0.20768,,,-59.49355,-0.499945806,,0
109,26H,6000,9677,54.3405,4.9757,0.0916,0.0798,1,0.935,0.363,0.246,0.55,3.1,0.062507945,-1.204064776,0.100836636,-0.996381652,0.619893205,0.363,10,1.370147406,23.45024618,-0.20768,,0.20768,,,-59.70123,-0.505942661,,0
110,6H,4800,7742,56.6478,6.4885,0.1145,0.0784,1,0.929,0.753,0.54,0.929,6.02,0.080523824,-1.094075607,0.129305477,-0.888383079,0.622741017,0.753,10,1.472747506,29.69938837,-0.20569,,0.20569,,,-59.90693,-0.512025013,,0
111,6H,4800,7742,56.6478,6.4885,0.1145,0.0778,1,0.929,0.753,0.54,0.929,6.02,0.080523824,-1.094075607,0.129305477,-0.888383079,0.622741017,0.753,10,1.472747506,29.69938837,-0.20569,,0.20569,,,-60.11262,-0.518212234,,0
112,46H,1200,1935,57.0346,7.9629,0.1396,0.0777,1,0.975,1.47,1.18,0.633,20.26,0.101893295,-0.991854394,0.162250116,-0.789814983,0.628001368,1.47,10,1.569201591,37.08528248,-0.20204,,0.20204,,,-60.31466,-0.524475291,,0
113,46H,1200,1935,57.0346,7.9629,0.1396,0.0776,1,0.975,1.47,1.18,0.633,20.26,0.101893295,-0.991854394,0.162250116,-0.789814983,0.628001368,1.47,10,1.569201591,37.08528248,-0.20204,,0.20204,,,-60.5167,-0.530848227,,0
114,6H,3600,5806,56.7028,6.5435,0.1154,0.0775,2,0.936,0.791,0.559,0.936,8.43,0.082208171,-1.085085015,0.130454443,-0.884541126,0.63016766,0.791,10,1.482381953,30.36560606,-0.20054,,0.20054,,,-60.71724,-0.537320724,,0
115,6H,3600,5806,56.7028,6.5435,0.1154,0.0551,1,0.936,0.791,0.559,0.936,8.43,0.082208171,-1.085085015,0.130454443,-0.884541126,0.63016766,0.791,10,1.482381953,30.36560606,-0.20054,,0.20054,,,-60.91779,-0.543908801,,0
116,26H,4800,7742,54.3635,4.9987,0.0919,0.0543,1,0.939,0.39,0.266,0.591,4.49,0.064685091,-1.189195804,0.101200308,-0.994818164,0.639178797,0.39,10,1.387241387,24.39166165,-0.19438,,0.19438,,,-61.11216,-0.55056003,,0
117,26H,4800,7742,54.3635,4.9987,0.0919,0.0536,1,0.939,0.39,0.266,0.591,4.49,0.064685091,-1.189195804,0.101200308,-0.994818164,0.639178797,0.39,10,1.387241387,24.39166165,-0.19438,,0.19438,,,-61.30654,-0.557332191,,0
118,6H,2400,3871,56.7878,6.6285,0.1167,0.0533,2,0.947,0.856,0.594,0.947,13.72,0.085041537,-1.070368898,0.132118193,-0.879037374,0.64367772,0.856,10,1.498345354,31.50252421,-0.19133,,0.19133,,,-61.49787,-0.564200665,,0
119,6H,2400,3871,56.7878,6.6285,0.1167,0.0532,2,0.947,0.856,0.594,0.947,13.72,0.085041537,-1.070368898,0.132118193,-0.879037374,0.64367772,0.856,10,1.498345354,31.50252421,-0.19133,,0.19133,,,-61.6892,-0.571196334,,0
120,50H,2400,3871,53.7949,3.7371,0.0695,0.0531,1,0.939,0.165,0.104,0.271,18.96,0.048381488,-1.315320782,0.074691026,-1.126731573,0.647755025,0.165,10,1.272405688,18.72430419,-0.18859,,0.18859,,,-61.87779,-0.578297133,,0
121,50H,2400,3871,53.7949,3.7371,0.0695,0.0418,1,0.939,0.165,0.104,0.271,18.96,0.048381488,-1.315320782,0.074691026,-1.126731573,0.647755025,0.165,10,1.272405688,18.72430419,-0.18859,,0.18859,,,-62.06638,-0.58553191,,0
122,46H,800,1290,57.1006,8.0289,0.1406,0.0408,1,0.982,1.65,1.34,0.71,22.68,0.107566976,-0.96832104,0.163602513,-0.786210029,0.657489753,1.65,10,1.596021242,39.44765962,-0.18211,,0.18211,,,-62.24849,-0.592842795,,0
123,26H,3600,5806,54.3955,5.0307,0.0925,0.0397,1,0.944,0.424,0.289,0.642,6.36,0.067226687,-1.17245829,0.101928375,-0.991704901,0.659548309,0.424,10,1.406144667,25.47678761,-0.18075,,0.18075,,,-62.42925,-0.60028122,,0
124,26H,3600,5806,54.3955,5.0307,0.0925,0.0391,1,0.944,0.424,0.289,0.642,6.36,0.067226687,-1.17245829,0.101928375,-0.991704901,0.659548309,0.424,10,1.406144667,25.47678761,-0.18075,,0.18075,,,-62.61,-0.60786408,,0
125,6H,1200,1935,56.9368,6.7775,0.119,0.039,1,0.965,0.971,0.661,0.965,24.59,0.089694494,-1.047234218,0.13507378,-0.869428947,0.664040747,0.971,10,1.523212333,33.35894694,-0.17781,,0.17781,,,-62.78781,-0.615566721,,0
126,6H,1200,1935,56.9368,6.7775,0.119,0.0389,1,0.965,0.971,0.661,0.965,24.59,0.089694494,-1.047234218,0.13507378,-0.869428947,0.664040747,0.971,10,1.523212333,33.35894694,-0.17781,,0.17781,,,-62.96561,-0.623421889,,0
127,6H,800,1290,57.0118,6.8525,0.1202,0.0388,1,0.975,1.021,0.679,0.975,29.92,0.091514579,-1.038509715,0.13662196,-0.86447949,0.66983799,1.021,10,1.532269676,34.06196327,-0.17403,,0.17403,,,-63.13964,-0.63139641,,0
128,6H,800,1290,57.0118,6.8525,0.1202,0.0387,1,0.975,1.021,0.679,0.975,29.92,0.091514579,-1.038509715,0.13662196,-0.86447949,0.66983799,1.021,10,1.532269676,34.06196327,-0.17403,,0.17403,,,-63.31367,-0.639532033,,0
129,6H,Ambient,Ambient,57.2138,7.0545,0.1233,,,1,1.113,0.715,1,-,0.094339961,-1.025304308,0.14064104,-0.85188793,0.670785432,1.113,10,1.544747058,35.05476487,-0.17342,,0.17342,,,-63.48709,-0.647827425,,0
130,6H,Ambient,Ambient,57.2138,7.0545,0.1233,,,1,1.113,0.715,1,-,0.094339961,-1.025304308,0.14064104,-0.85188793,0.670785432,1.113,10,1.544747058,35.05476487,-0.17342,,0.17342,,,-63.6605,-0.656293855,,0
131,26H,2400,3871,54.4465,5.0817,0.0933,,,0.953,0.47,0.317,0.712,11.08,0.070475433,-1.151962245,0.102900629,-0.987581972,0.684888268,0.47,10,1.4292158,26.86679121,-0.16438,,0.16438,,,-63.82488,-0.664842544,,0
132,26H,2400,3871,54.4465,5.0817,0.0933,,,0.953,0.47,0.317,0.712,11.08,0.070475433,-1.151962245,0.102900629,-0.987581972,0.684888268,0.47,10,1.4292158,26.86679121,-0.16438,,0.16438,,,-63.98926,-0.673571206,,0
133,7V,6000,9677,57.0578,11.2178,0.1966,,,0.976,5.81,5.05,0.976,1.85,0.170697027,-0.767774042,0.244709983,-0.611348314,0.697548279,5.81,10,1.79167941,61.89839815,-0.15643,,0.15643,,,-64.14569,-0.68240096,,2
134,7V,6000,9677,57.0578,11.2178,0.1966,,,0.976,5.81,5.05,0.976,1.85,0.170697027,-0.767774042,0.244709983,-0.611348314,0.697548279,5.81,10,1.79167941,61.89839815,-0.15643,,0.15643,,,-64.30212,-0.691420602,,2
135,7V,4800,7742,57.0868,11.2468,0.197,,,0.978,5.86,5.09,0.978,2.44,0.171255821,-0.766354657,0.245330012,-0.610249319,0.698063069,5.86,10,1.793104979,62.10191305,-0.15611,,0.15611,,,-64.45822,-0.70063284,,2
136,7V,4800,7742,57.0868,11.2468,0.197,,,0.978,5.86,5.09,0.978,2.44,0.171255821,-0.766354657,0.245330012,-0.610249319,0.698063069,5.86,10,1.793104979,62.10191305,-0.15611,,0.15611,,,-64.61433,-0.710047546,,2
137,7V,3600,5806,57.1238,11.2838,0.1975,,,0.98,5.93,5.14,0.98,3.19,0.172057435,-0.764326555,0.246105919,-0.608877941,0.699119452,5.93,10,1.795186185,62.40022927,-0.15545,,0.15545,,,-64.76978,-0.71966417,,2
138,7V,3600,5806,57.1238,11.2838,0.1975,,,0.98,5.93,5.14,0.98,3.19,0.172057435,-0.764326555,0.246105919,-0.608877941,0.699119452,5.93,10,1.795186185,62.40022927,-0.15545,,0.15545,,,-64.92522,-0.729496898,,2
139,7V,2400,3871,57.1768,11.3368,0.1983,,,0.984,6.03,5.22,0.984,4.79,0.173151775,-0.761573053,0.247349383,-0.606689169,0.700029136,6.03,10,1.797939754,62.79712403,-0.15488,,0.15488,,,-65.08011,-0.739546679,,2
140,7V,2400,3871,57.1768,11.3368,0.1983,,,0.984,6.03,5.22,0.984,4.79,0.173151775,-0.761573053,0.247349383,-0.606689169,0.700029136,6.03,10,1.797939754,62.79712403,-0.15488,,0.15488,,,-65.23499,-0.74982749,,2
141,7V,1200,1935,57.2618,11.4218,0.1995,,,0.99,6.19,5.35,0.99,7.93,0.174905523,-0.757196477,0.249219238,-0.603418436,0.701813889,6.19,10,1.802363436,63.44003823,-0.15378,,0.15378,,,-65.38877,-0.760334531,,2
142,7V,1200,1935,57.2618,11.4218,0.1995,,,0.99,6.19,5.35,0.99,7.93,0.174905523,-0.757196477,0.249219238,-0.603418436,0.701813889,6.19,10,1.802363436,63.44003823,-0.15378,,0.15378,,,-65.54255,-0.771088797,,2
143,7H,Ambient,Ambient,57.4055,11.5655,0.2015,,,1,6.413,-,1,-,0.177142489,-0.751677257,0.252348153,-0.59799987,0.701976563,6.413,10,1.807658365,64.21823506,-0.15368,,0.15368,,,-65.69623,-0.782097918,,2
144,7V,Ambient,Ambient,57.4055,11.5655,0.2015,,,1,6.413,-,1,-,0.177142489,-0.751677257,0.252348153,-0.59799987,0.701976563,6.413,10,1.807658365,64.21823506,-0.15368,,0.15368,,,-65.8499,-0.793372319,,2
145,7V,800,1290,57 3018,11.4618,0.2,,,0.993,6.26,5.41,0.993,9.44,0.175671705,-0.755298183,0.25,-0.602059991,0.702686821,6.26,10,1.804295792,63.72293808,-0.15324,,0.15324,,,-66.00314,-0.80491635,,2
146,7V,800,1290,57.3018,11.4618,0.2,,,0.993,6.26,5.41,0.993,9.44,0.175671705,-0.755298183,0.25,-0.602059991,0.702686821,6.26,10,1.804295792,63.72293808,-0.15324,,0.15324,,,-66.15638,-0.816745418,,2
147,22H,6000,9677,54.1948,2.8705,0.053,,,0.902,0.084,0.048,0.155,5.17,0.039530413,-1.403068644,0.055966209,-1.252074109,0.706326444,0.084,10,1.201701869,15.91116095,-0.15099,,0.15099,,,-66.30737,-0.828842168,,0
148,26H,1200,1935,54.5415,5.1767,0.0949,,,0.969,0.543,0.356,0.823,20.99,0.075109774,-1.124303543,0.104850293,-0.979430352,0.716352547,0.543,10,1.459704292,28.82068457,-0.14487,,0.14487,,,-66.45225,-0.841167679,,0
149,26H,1200,1935,54.5415,5.1767,0.0949,,,0.969,0.543,0.356,0.823,20.99,0.075109774,-1.124303543,0.104850293,-0.979430352,0.716352547,0.543,10,1.459704292,28.82068457,-0.14487,,0.14487,,,-66.59712,-0.853809228,,0
150,26H,800,1290,54.5905,5.2257,0.0957,,,0.977,0.574,0.376,0.87,25.85,0.076900582,-1.114070375,0.105827712,-0.975400593,0.726658266,0.574,10,1.470732278,29.56189557,-0.13867,,0.13867,,,-66.73579,-0.866698566,,0
151,26H,800,1290,54.5905,5.2257,0.0957,,,0.977,0.574,0.376,0.87,25.85,0.076900582,-1.114070375,0.105827712,-0.975400593,0.726658266,0.574,10,1.470732278,29.56189557,-0.13867,,0.13867,,,-66.87446,-0.879927097,,0
152,26H,Ambient,Ambient,54.7251,5.3603,0.098,,,1,0.66,0.41,1,-,0.081487047,-1.088911422,0.10864745,-0.963980462,0.75001343,0.66,10,1.497472505,31.43927371,-0.12493,,0.12493,,,-66.99939,-0.893325204,,0
153,26H,Ambient,Ambient,54.7251,5.3603,0.098,,,1,0.66,0.41,1,-,0.081487047,-1.088911422,0.10864745,-0.963980462,0.75001343,0.66,10,1.497472505,31.43927371,-0.12493,,0.12493,,,-67.12432,-0.907085423,,0
154,46H,Ambient,Ambient,57.2746,8.2029,0.1432,,,1,2.324,1.724,1,-,0.126495828,-0.897923799,0.16713352,-0.77693644,0.756854924,2.324,10,1.676612073,47.49108297,-0.12099,,0.12099,,,-67.24531,-0.921168612,,0
155,46H,Ambient,Ambient,57.2746,8.2029,0.1432,,,1,2.324,1.724,1,-,0.126495828,-0.897923799,0.16713352,-0.77693644,0.756854924,2.324,10,1.676612073,47.49108297,-0.12099,,0.12099,,,-67.3663,-0.935643,,0
156,50H,1200,1935,53.8999,3.8421,0.0713,,,0.964,0.249,0.168,0.41,27.55,0.05867925,-1.231515443,0.076773985,-1.114785916,0.764311638,0.249,10,1.367895862,23.32898599,-0.11673,,0.11673,,,-67.48303,-0.950465148,,0
157,50H,1200,1935,53.8999,3.8421,0.0713,,,0.964,0.249,0.168,0.41,27.55,0.05867925,-1.231515443,0.076773985,-1.114785916,0.764311638,0.249,10,1.367895862,23.32898599,-0.11673,,0.11673,,,-67.59976,-0.965710787,,0
158,22H,4800,7742,54.2178,2.8935,0.0534,,,0.908,0.102,0.058,0.189,7.99,0.04339694,-1.362540895,0.056412423,-1.248625243,0.769279835,0.102,10,1.248461255,17.71989952,-0.11392,,0.11392,,,-67.71367,-0.981357547,,0
159,50H,800,1290,53.9449,3.8871,0.0721,,,0.974,0.299,0.206,0.492,31.16,0.063943678,-1.19420239,0.077702339,-1.10956591,0.822931184,0.299,10,1.41043859,25.72992913,-0.08464,,0.08464,,,-67.79831,-0.997033929,,0
160,50H,800,1290,53.9449,3.8871,0.0721,,,0.974,0.299,0.206,0.492,31.16,0.063943678,-1.19420239,0.077702339,-1.10956591,0.822931184,0.299,10,1.41043859,25.72992913,-0.08464,,0.08464,,,-67.88294,-1.013178264,,0
161,7H,6000,9677,56.7236,12.0843,0.213,,,0.973,11,9.63,0.973,1.6,0.225650442,-0.646563811,0.27064803,-0.567595129,0.833741305,11,10,1.924618922,84.06571701,-0.07897,,0.07897,,,-67.96191,-1.029725945,,1
162,7H,6000,9677,56.7236,12.0843,0.213,,,0.973,11,9.63,0.973,1.6,0.225650442,-0.646563811,0.27064803,-0.567595129,0.833741305,11,10,1.924618922,84.06571701,-0.07897,,0.07897,,,-68.04088,-1.046782785,,1
163,7H,4800,7742,56.7536,12.1143,0.2135,,,0.975,11.1,9.72,0.975,2.47,0.226408224,-0.645107802,0.271455817,-0.566300848,0.834051841,11.1,10,1.926050144,84.3432135,-0.07881,,0.07881,,,-68.11969,-1.064370125,,1
164,7H,4800,7742,56.7536,12.1143,0.2135,,,0.975,11.1,9.72,0.975,2.47,0.226408224,-0.645107802,0.271455817,-0.566300848,0.834051841,11.1,10,1.926050144,84.3432135,-0.07881,,0.07881,,,-68.19849,-1.082515793,,1
165,7H,Ambient,Ambient,57.1581,12.5188,0.219,,,1,12.203,11.019,1,-,0.234390981,-0.630059104,0.280409731,-0.552206919,0.83588747,12.203,10,1.940698652,87.2365842,-0.07785,,0.07785,,,-68.27635,-1.101231405,,1
166,7H,Ambient,Ambient,57.1581,12.5188,0.219,,,1,12.203,11.019,1,-,0.234390981,-0.630059104,0.280409731,-0.552206919,0.83588747,12.203,10,1.940698652,87.2365842,-0.07785,,0.07785,,,-68.3542,-1.120560645,,1
167,7H,3600,5806,56.7946,12.1553,0.214,,,0.977,11.3,9.86,0.977,3.31,0.228171808,-0.641738017,0.272264631,-0.565008773,0.838051593,11.3,10,1.929732625,85.06141924,-0.07673,,0.07673,,,-68.43093,-1.140515476,,1
168,7H,3600,5806,56.7946,12.1553,0.214,,,0.977,11.3,9.86,0.977,3.31,0.228171808,-0.641738017,0.272264631,-0.565008773,0.838051593,11.3,10,1.929732625,85.06141924,-0.07673,,0.07673,,,-68.50766,-1.161146743,,1
169,7H,2400,3871,56.8556,12.2163,0.2149,,,0.981,11.5,10.1,0.981,5.29,0.229699664,-0.638839639,0.273723093,-0.562688562,0.839168015,11.5,10,1.932638067,85.63239035,-0.07615,,0.07615,,,-68.58381,-1.182479464,,1
170,7H,2400,3871,56.8556,12.2163,0.2149,,,0.981,11.5,10.1,0.981,5.29,0.229699664,-0.638839639,0.273723093,-0.562688562,0.839168015,11.5,10,1.932638067,85.63239035,-0.07615,,0.07615,,,-68.65996,-1.204560701,,1
171,7H,800,1290,57.0146,12.3753,0.2171,,,0.991,12,10.5,0.991,11.74,0.233448108,-0.631809641,0.277302337,-0.55704647,0.841854095,12,10,1.939684485,87.0331065,-0.07476,,0.07476,,,-68.73472,-1.22740577,,1
172,7H,800,1290,57.0146,12.3753,0.2171,,,0.991,12,10.5,0.991,11.74,0.233448108,-0.631809641,0.277302337,-0.55704647,0.841854095,12,10,1.939684485,87.0331065,-0.07476,,0.07476,,,-68.80949,-1.251081569,,1
173,22H,3600,5806,54.2508,2.9265,0.0539,,,0.918,0.126,0.075,0.233,11.23,0.048008765,-1.318679462,0.056970722,-1.244348277,0.842691892,0.126,10,1.298925187,19.9033045,-0.07433,,0.07433,,,-68.88382,-1.27562625,,0
174,7H,1200,1935,56.9616,12.3223,0.2163,,,0.988,11.9,10.4,0.988,9.59,0.232902885,-0.632825131,0.275998469,-0.559093327,0.843855716,11.9,10,1.938932781,86.88259432,-0.07373,,0.07373,,,-68.95755,-1.301085836,,1
175,7H,1200,1935,56.9616,12.3223,0.2163,,,0.988,11.9,10.4,0.988,9.59,0.232902885,-0.632825131,0.275998469,-0.559093327,0.843855716,11.9,10,1.938932781,86.88259432,-0.07373,,0.07373,,,-69.03128,-1.327524637,,1
176,22H,2400,3871,54.3008,2.9765,0.0548,,,0.933,0.173,0.103,0.32,17.47,0.055790778,-1.25343758,0.057977148,-1.236743154,0.962289119,0.173,11,1.373664706,23.64093811,-0.01669,,0.01669,,,-69.04798,-1.353881873,,0
177,8H,Ambient,Ambient,57.1915,10.4678,0.183,,,1,10.618,9.576,1,-,0.239180332,-0.621274536,0.223990208,-0.649770967,1.067816016,10.618,11,1.972555378,93.87617339,0.0285,,0.0285,,,-69.01948,-1.380389582,,1
178,8H,Ambient,Ambient,57.1915,10.4678,0.183,,,1,10.618,9.576,1,-,0.239180332,-0.621274536,0.223990208,-0.649770967,1.067816016,10.618,11,1.972555378,93.87617339,0.0285,,0.0285,,,-68.99098,-1.407979238,,1
179,8H,800,1290,57.1045,10.3808,0.1818,,,0.993,10.55,9.51,0.993,8.84,0.239198768,-0.621241062,0.222195062,-0.653265596,1.076526028,10.55,11,1.973383335,94.05531341,0.03202,,0.03202,,,-68.95896,-1.436644961,,1
180,8H,800,1290,57.1045,10.3808,0.1818,,,0.993,10.55,9.51,0.993,8.84,0.239198768,-0.621241062,0.222195062,-0.653265596,1.076526028,10.55,11,1.973383335,94.05531341,0.03202,,0.03202,,,-68.92693,-1.466530502,,1
181,8H,6000,9677,56.8935,10.1698,0.1788,,,0.977,10,9.02,0.977,2.08,0.234825843,-0.629254109,0.217730151,-0.662081426,1.0785178,10,11,1.965954468,92.46012314,0.03283,,0.03283,,,-68.89411,-1.497697963,,1
182,8H,6000,9677,56.8935,10.1698,0.1788,,,0.977,10,9.02,0.977,2.08,0.234825843,-0.629254109,0.217730151,-0.662081426,1.0785178,10,11,1.965954468,92.46012314,0.03283,,0.03283,,,-68.86128,-1.530250644,,1
183,8H,1200,1935,57.0705,10.3468,0.1813,,,0.991,10.5,9.44,0.991,7.52,0.238960102,-0.621674604,0.221448638,-0.654726986,1.079076866,10.5,11,1.973203605,94.01639732,0.03305,,0.03305,,,-68.82823,-1.564277877,,1
184,8H,1200,1935,57.0705,10.3468,0.1813,,,0.991,10.5,9.44,0.991,7.52,0.238960102,-0.621674604,0.221448638,-0.654726986,1.079076866,10.5,11,1.973203605,94.01639732,0.03305,,0.03305,,,-68.79517,-1.599887772,,1
185,8H,2400,3871,56.9975,10.2738,0.1802,,,0.985,10.3,9.28,0.985,4.62,0.237394617,-0.624529133,0.21980971,-0.657953127,1.080000594,10.3,11,1.970576152,93.4493215,0.03342,,0.03342,,,-68.76175,-1.637184529,,1
186,8H,2400,3871,56.9975,10.2738,0.1802,,,0.985,10.3,9.28,0.985,4.62,0.237394617,-0.624529133,0.21980971,-0.657953127,1.080000594,10.3,11,1.970576152,93.4493215,0.03342,,0.03342,,,-68.72833,-1.676300639,,1
187,8H,4800,7742,56.9195,10.1958,0.1791,,,0.979,10.1,9.09,0.979,2.3,0.235799317,-0.627457458,0.218175174,-0.66119467,1.080779782,10.1,11,1.967866382,92.86806178,0.03374,,0.03374,,,-68.69459,-1.717364725,,1
188,8H,4800,7742,56.9195,10.1958,0.1791,,,0.979,10.1,9.09,0.979,2.3,0.235799317,-0.627457458,0.218175174,-0.66119467,1.080779782,10.1,11,1.967866382,92.86806178,0.03374,,0.03374,,,-68.66085,-1.760534661,,1
189,8H,3600,5806,56.9515,10.2278,0.1796,,,0.981,10.2,9.17,0.981,3.01,0.236633686,-0.625923432,0.218917601,-0.659719319,1.080925811,10.2,11,1.96933623,93.18290163,0.0338,,0.0338,,,-68.62706,-1.805975155,,1
190,8H,3600,5806,56.9515,10.2278,0.1796,,,0.981,10.2,9.17,0.981,3.01,0.236633686,-0.625923432,0.218917601,-0.659719319,1.080925811,10.2,11,1.96933623,93.18290163,0.0338,,0.0338,,,-68.59326,-1.853871892,,1
191,22H,1200,1935,54.3828,3.0585,0.0562,,,0.957,0.256,0.157,0.474,29.3,0.067016458,-1.173818527,0.059546514,-1.225143657,1.125447214,0.256,11,1.464272923,29.1254687,0.05133,,0.05133,,,-68.54193,-1.903942636,,0
192,50H,Ambient,Ambient,54.0564,3.9986,0.074,,,1,0.608,0.355,1,-,0.090004781,-1.045734422,0.079913607,-1.097379267,1.126276039,0.608,11,1.581919099,38.18731281,0.05164,,0.05164,,,-68.49029,-1.95686543,,0
193,22H,800,1290,54.4228,3.0985,0.0569,,,0.969,0.295,0.185,0.546,34.92,0.071496457,-1.145715477,0.060332945,-1.219445478,1.185031791,0.295,11,1.495838347,31.32119672,0.07373,,0.07373,,,-68.41656,-2.012251766,,0
194,22H,0,0,54.5278,3.2035,0.0588,,,1,0.54,0.243,1,-,0.09515637,-1.021562135,0.062473438,-1.204304592,1.523149237,0.54,11,1.637905521,43.44157086,0.18274,,0.18274,,,-68.23382,-2.067691442,,0
195,20H,Ambient,Ambient,57.457,5.2223,0.0909,,,1,2.165,1.832,1,-,0.153241593,-0.814623343,0.099989,-1.000047775,1.532584508,2.165,11,1.829050051,67.46057685,0.18542,,0.18542,,,-68.04839,-2.126512286,,0
196,20H,800,1290,57.381,5.1463,0.0897,,,0.987,2.147,1.81,0.992,15.36,0.153620597,-0.813550551,0.098538943,-1.0063921,1.558983607,2.147,11,1.831904571,67.90544058,0.19284,,0.19284,,,-67.85555,-2.188888761,,0
197,20H,1200,1935,57.352,5.1173,0.0892,,,0.982,2.137,1.8,0.987,12.89,0.15369137,-0.813350518,0.097935881,-1.009058168,1.569306052,2.137,12,1.832809825,68.04713188,0.19571,,0.19571,,,-67.65984,-2.255328132,,0
198,20H,2400,3871,57.291,5.0563,0.0883,,,0.971,2.11,1.78,0.975,7.58,0.153493689,-0.813909476,0.096852035,-1.013891251,1.584826685,2.11,12,1.833368036,68.13465102,0.19998,,0.19998,,,-67.45986,-2.326202144,,0
199,20H,3600,5806,57.255,5.0203,0.0877,,,0.965,2.09,1.76,0.965,4.7,0.153286178,-0.814497006,0.096130659,-1.017138081,1.594560773,2.09,12,1.833494368,68.15447356,0.20264,,0.20264,,,-67.25722,-2.402043611,,0
200,20H,4800,7742,57.231,4.9963,0.0873,,,0.961,2.07,1.75,0.956,3.38,0.152900075,-0.815592301,0.095650268,-1.019313807,1.59853263,2.07,12,1.832754257,68.03842576,0.20372,,0.20372,,,-67.0535,-2.483462948,,0
201,11H,Ambient,Ambient,57.5242,4.5743,0.0795,,,1,1.541,1.255,1,-,0.138244354,-0.859352597,0.086366105,-1.063656664,1.600678337,1.541,12,1.792510752,62.01699978,0.2043,,0.2043,,,-66.8492,-2.571122905,,0
202,20H,6000,9677,57.213,4.9783,0.087,,,0.957,2.06,1.74,0.952,2.7,0.152793061,-0.815896368,0.095290252,-1.020951525,1.603449021,2.06,12,1.832809291,68.04704829,0.20506,,0.20506,,,-66.64414,-2.665765615,,0
203,19H,Ambient,Ambient,52.3516,5.3399,0.102,,,1,4.462,3.833,1,-,0.207679842,-0.682605655,0.113585746,-0.944676165,1.828397042,4.462,12,1.970492836,93.43139568,0.26207,,0.26207,,,-66.38207,-2.765919577,,2
204,5V,Triaxial,100,57.329,4.557,0.0798,,,0.954,4.557,0.0798,0.954,16.63,0.237283597,-0.624732283,0.086720278,-1.061879338,2.736195059,4.557,13,2.067972771,116.9426068,0.43715,,0.43715,,,-65.94492,-2.867170557,,2
205,5V,Triaxial,100,57.092,4.468,0.0784,,,0.937,4.468,0.0784,0.937,6.12,0.237043581,-0.625171801,0.085069444,-1.070226403,2.78647148,4.468,13,2.069577463,117.375502,0.44505,,0.44505,,,-65.49987,-2.977266736,,2
206,5V,Triaxial,100,57.003,4.432,0.0778,,,0.93,4.432,0.0778,0.93,2.84,0.236995296,-0.625260275,0.084363479,-1.073845521,2.809216731,4.432,13,2.070394282,117.5964692,0.44859,,0.44859,,,-65.05128,-3.097680141,,2
207,5V,Triaxial,100,56.967,4.426,0.0777,,,0.929,4.426,0.0777,0.929,2.35,0.236987175,-0.625275157,0.084245907,-1.07445119,2.813040814,4.426,13,2.070530949,117.6334809,0.44918,,0.44918,,,-64.60211,-3.230105346,,2
208,5V,Triaxial,100,56.961,4.42,0.0776,,,0.928,4.42,0.0776,0.928,1.96,0.236979033,-0.625290078,0.084128361,-1.075057573,2.816874479,4.42,13,2.070667767,117.6705456,0.44977,,0.44977,,,-64.15234,-3.376438917,,2
209,5V,Triaxial,100,56.951,4.412,0.0775,,,0.926,4.412,0.0775,0.926,1.42,0.236917177,-0.625403451,0.08401084,-1.075664672,2.820078652,4.412,13,2.070689005,117.6763001,0.45026,,0.45026,,,-63.70208,-3.539004345,,2
210,5V,Triaxial,100,56.955,4.416,0.0775,,,0.927,4.416,0.0775,0.927,1.66,0.237024549,-0.625206671,0.08401084,-1.075664672,2.82135673,4.416,13,2.070920419,117.7390207,0.45046,,0.45046,,,-63.25162,-3.720683541,,2
211,17H,Hydrostatic,100,56.947,3.124,0.0551,,,0.828,3.124,0.0551,0.828,24.78,0.236433691,-0.626290639,0.058313049,-1.23423425,4.054558878,3.124,13,2.110535101,128.9837804,0.60794,,0.60794,,,-62.64368,-3.915229787,,2
212,17H,Hydrostatic,100,57.435,3.079,0.0543,,,0.817,3.079,0.0543,0.817,11.15,0.236447419,-0.626265422,0.057417786,-1.240953559,4.118017019,3.079,13,2.112317844,129.5143363,0.61469,,0.61469,,,-62.02899,-4.135265897,,2
213,17H,Hydrostatic,100,56.74,3.039,0.0536,,,0.807,3.039,0.0536,0.807,4.23,0.236435456,-0.626287397,0.056635672,-1.246909942,4.174673789,3.039,13,2.113847273,129.9712433,0.62062,,0.62062,,,-61.40837,-4.386311851,,2
214,17H,Hydrostatic,100,56.655,3.017,0.0533,,,0.801,3.017,0.0533,0.801,2.03,0.236240144,-0.626646301,0.056300834,-1.249485168,4.196032726,3.017,13,2.114097974,130.046292,0.62284,,0.62284,,,-60.78553,-4.675809772,,2
215,17H,Hydrostatic,100,56.695,3.021,0.0533,,,0.802,3.021,0.0533,0.802,2.33,0.236396698,-0.626358594,0.056300834,-1.249485168,4.198813398,3.021,13,2.114436318,130.1476461,0.62313,,0.62313,,,-60.1624,-5.013533372,,2
216,17H,Hydrostatic,101,56.633,3.011,0.0532,,,0.8,3.011,0.0532,0.8,1.58,0.236226823,-0.62667079,0.056189269,-1.250346617,4.204126998,3.011,13,2.114294274,130.1050859,0.62368,,0.62368,,,-59.53872,-5.412611331,,2
217,17H,Hydrostatic,100,56.637,3.014,0.0532,,,0.8,3.014,0.0532,0.8,1.78,0.236344476,-0.626454544,0.056189269,-1.250346617,4.20622086,3.014,13,2.11454858,130.1812926,0.62389,,0.62389,,,-58.91483,-5.891483257,,2
218,17H,Hydrostatic,100,56.63,3.009,0.0531,,,0.799,3.009,0.0531,0.799,1.42,0.236370613,-0.626406519,0.056077727,-1.251209595,4.21505336,3.009,13,2.11483058,130.2658508,0.6248,,0.6248,,,-58.29003,-6.476669943,,2
219,22H,Hydrostatic,100,56.627,2.239,0.0418,,,0.714,2.239,0.0418,0.714,40.99,0.229809805,-0.638631446,0.043623461,-1.360279885,5.268032417,2.239,14,2.1291355,134.6280327,0.72165,,0.72165,,,-57.56838,-7.196047632,,0
220,22H,Hydrostatic,101,56.624,2.182,0.0408,,,0.697,2.182,0.0408,0.697,21.57,0.229629108,-0.63897306,0.042535446,-1.371249007,5.398535315,2.182,14,2.13163621,135.4054703,0.73228,,0.73228,,,-56.83611,-8.119443587,,0
221,22H,Hydrostatic,100,54.528,2.122,0.0397,,,0.678,2.122,0.0397,0.678,9.99,0.229565745,-0.639092916,0.041341248,-1.383616422,5.552946721,2.122,14,2.134771285,136.3864689,0.74452,,0.74452,,,-56.09158,-9.348596933,,0
222,22H,Hydrostatic,100,53.576,2.091,0.0391,,,0.669,2.091,0.0391,0.669,6.26,0.229624533,-0.638981714,0.040691019,-1.390501436,5.643125668,2.091,14,2.136727453,137.0021722,0.75152,,0.75152,,,-55.34006,-11.06801238,,0
223,22H,Hydrostatic,100,53.519,2.084,0.039,,,0.667,2.084,0.039,0.667,5.61,0.229533565,-0.639153798,0.040582726,-1.391658781,5.655942459,2.084,14,2.136832036,137.0351677,0.7525,,0.7525,,,-54.58756,-13.64688922,,0
224,22H,Hydrostatic,100,53.459,2.077,0.0389,,,0.665,2.077,0.0389,0.665,5.07,0.229442093,-0.639326904,0.040474456,-1.392818976,5.668812226,2.077,14,2.136936204,137.0680406,0.75349,,0.75349,,,-53.83406,-17.94468827,,0
225,22H,Hydrostatic,101,53.427,2.072,0.0388,,,0.663,2.072,0.0388,0.663,4.62,0.229460883,-0.639291339,0.040366209,-1.393982037,5.684479405,2.072,14,2.137286563,137.178662,0.75469,,0.75469,,,-53.07937,-26.53968706,,0
226,22H,Hydrostatic,101,53.42,2.067,0.0387,,,0.661,2.067,0.0387,0.661,4.23,0.229479769,-0.639255596,0.040257984,-1.395147977,5.700230022,2.067,14,2.137637926,137.2896907,0.75589,,0.75589,,,-52.32348,-52.32348175,,0
